{"1": [[[-144.09798890565565, -118.21463485243517, -54.74579853311418, -225.38755551877267, -210.6412937168028, 33.41094761452076, -170.56700980532847, -66.04462980885656, 68.38011367838028, 183.19559295232085, 250.41213959361306, -22.397959051963657, -93.15822654559165, -57.18232034842404, 77.72100108220017, 157.8027991035503, 364.56779731695053], [-42.610196159086556, -184.2834004601182, -160.90325649020065, -175.78924232155484, 99.06303419380454, 184.25301863537587, 115.39491574128854, -24.566949835073668, 4.841240464162622, 35.44079306511862, 29.474622577608013, 142.27811507480104, 294.46793792100334, 334.57276341813326, -144.97956561695608, -279.77848021264964, -218.752824410045], [-56.13727278330811, -58.64564181800657, -484.5076528920653, -840.7380945084623, -26.890853279146107, -407.7773807392614, -763.2308374610816, 198.50504885898263, 453.6551541841884, 475.0452344287798, 633.5571526153126, 438.063880959493, 242.5681802599579, 28.57054695418678, 398.66230073558944, 157.8966416253231, -13.306145853491365]]], "0": [[[-138.2452268006835, -129.90079257762386, -36.194986513261966, -202.18720758057887, -196.2261364131861, 46.98978781468481, -192.16736812718506, -60.252007057385526, 81.65003217372772, 182.84989859216643, 232.08706066401018, -11.759324343637461, -152.09113709823515, -87.67823492093834, 93.38503474874344, 173.9524321884234, 380.1408399944262], [-52.19904306758667, -190.01979361210365, -157.63828233847337, -184.47928609829324, 85.62175971025538, 178.60020857412567, 96.57604528856746, -26.414948960019707, 11.184130502719547, 45.316707351479046, 40.23170190206855, 140.10008209848678, 280.3769595979544, 342.9543589187536, -134.5265669976279, -266.2894369749493, -204.29149549496486], [-49.14800002114818, -32.17753187207013, -450.84244563616386, -833.4551689394874, -31.015096937798667, -406.6335507493759, -724.4298938931262, 196.3414130269604, 440.0316307123078, 461.22291658329095, 616.6646311148556, 424.8734291958664, 230.92028144660867, 16.815330484347694, 385.84823798622875, 147.38292429288794, -22.5774162596604]]], "2": [[[-134.78927752656338, -133.13091155749785, -76.4877485697056, -213.61824255144992, -168.39829273081077, 22.503012268681722, -112.05202563452285, -69.63551499824727, 50.15766462866889, 173.73483202245546, 239.52537908129156, -45.767783201955616, -153.22563906970174, -46.6878937187998, 92.68979897378662, 180.9754425256066, 363.5172395755222], [-42.299821410811944, -189.61081833798522, -173.2406237143266, -185.59263948150056, 105.01123689605299, 184.45220332595866, 122.23887202702284, -27.428515211027936, -0.6438852428640273, 33.966745181052794, 26.361171658931315, 142.173427519774, 308.98217215274724, 354.666264970136, -155.0498566769355, -286.1379040882881, -208.59728456722385], [-71.02009769026199, -65.46537005661878, -507.56358803707417, -881.0549723946319, -64.21010632724413, -427.37270946931017, -801.3020953569514, 197.90114200735235, 474.212748449701, 499.1846548714511, 664.1019212562787, 457.8178608010572, 257.19852654751065, 75.79781071819446, 417.0488448738187, 166.692781994237, -11.41761346509317]]]}